{
  "biomes": {
    "normal":      { "triggerCount": 0, "webhookEnabled": false, "colorHex": 15132390 },
    "windy":       { "triggerCount": 0, "webhookEnabled": false, "colorHex": 9500671 },
    "snowy":       { "triggerCount": 0, "webhookEnabled": false, "colorHex": 12969238 },
    "rainy":       { "triggerCount": 0, "webhookEnabled": false, "colorHex": 4432895 },
    "sandstorm":   { "triggerCount": 0, "webhookEnabled": false, "colorHex": 16040572 },
    "hell":        { "triggerCount": 0, "webhookEnabled": false, "colorHex": 6033945 },
    "starfall":    { "triggerCount": 0, "webhookEnabled": false, "colorHex": 6784224 },
    "corruption":  { "triggerCount": 0, "webhookEnabled": false, "colorHex": 9465855 },
    "null":        { "triggerCount": 0, "webhookEnabled": false, "colorHex": 0 },
    "glitched":    { "triggerCount": 0, "webhookEnabled": false, "colorHex": 16777215 },
    "dreamspace":  { "triggerCount": 0, "webhookEnabled": false, "colorHex": 16738740 }
  }
}
